{ 
      "level": 1,
      "show": {
        "monsterDamage": false,
        "playerDamage": false,
        "playerDead": false,
        "monsterDead": false
      },
      "playerDamage": 0,
      "monsterDamage": 0,
      "monster": "",
      "player": {
        "name": "",
        "class": "",
        "health": 0,
        "luck": 0,
        "crit": 0
      },
      "classes": [
        {"class": "Foxster", "health": 250, "luck": 3, "crit": 0},
        {"class": "Bearior", "health": 500, "luck": 1, "crit": 1},
        {"class": "Raccoon", "health": 250, "luck": 0, "crit": 3}
      ],
      "monsters": [
        {"name": "Monster I", "health": 100, "score": 10},
        {"name": "Monster II", "health": 100, "score": 10}
      ],
      "bosses": [
        {"name": "Boss I", "health": 100, "score": 100},
        {"name": "Boss II", "health": 100, "score": 100}
      ]
    }